{
"totalHits": 1,
"currentPage": 1,
"totalPages": 1,
"pageList": [1],
"foodSearchCriteria": 
    {
        "query": "051500255162", 
        "generalSearchInput": "051500255162", 
        "pageNumber": 1,    
        "numberOfResultsPerPage": 50,
        "pageSize": 2,
        "requireAllWords": false
    },

    "foods": 
    [
        {
        "fdcId": 1628121,
        "description": "CREAMY PEANUT BUTTER",
        "lowercaseDescription": "creamy peanut butter",
        "dataType": "Branded", "gtinUpc": "051500255162",
        "publishedDate": "2021-03-19", "brandOwner": "The J.M. Smucker Company",
        "brandName": "JIF", "ingredients": "MADE FROM ROASTED PEANUTS AND SUGAR, CONTAINS 2% OR LESS OF: MOLASSES, FULLY HYDROGENATED VEGETABLE OILS (RAPESEED AND SOYBEAN), MONO AND DIGLYCERIDES, SALT.",
        "marketCountry": "United States",
        "foodCategory": "Nut & Seed Butters",
        "modifiedDate": "2017-10-25", 
        "dataSource": "LI",
        "servingSizeUnit": "g",
        "servingSize": 32.0,
        "allHighlightFields": "<b>GTIN/UPC</b>: <em>051500255162</em>",
        "score": -511.5156,
            
        "foodNutrients":
        [
            {
                "nutrientId": 1003,
                "nutrientName": "Protein",
                "nutrientNumber": "203",
                "unitName": "G",
                "derivationCode": "LCCS",
                "derivationDescription": "Calculated from value per serving size measure",
                "derivationId": 70,
                "value": 21.9,
                "foodNutrientSourceId": 9,
                "foodNutrientSourceCode": "12",
                "foodNutrientSourceDescription": "Manufacturer's analytical; partial documentation",
                "rank": 600,
                "indentLevel": 1,
                "foodNutrientId": 19469679,
                "percentDailyValue": 7
            },
            
            {
                "nutrientId": 1004,
                "nutrientName": "Total lipid (fat)",
                "nutrientNumber": "204",
                "unitName": "G",
                "derivationCode": "LCCS",
                "derivationDescription": "Calculated from value per serving size measure",
                "derivationId": 70,
                "value": 50.0,
                "foodNutrientSourceId": 9,
                "foodNutrientSourceCode": "12",
                "foodNutrientSourceDescription": "Manufacturer's analytical; partial documentation",
                "rank": 800,
                "indentLevel": 1,
                "foodNutrientId": 19469680,
                "percentDailyValue": 24
            },
            {
                "nutrientId": 1005,
                "nutrientName": "Carbohydrate, by difference",
                "nutrientNumber": "205",
                "unitName": "G",
                "derivationCode": "LCCS",
                "derivationDescription": "Calculated from value per serving size measure",
                "derivationId": 70, 
                "value": 25.0,
                "foodNutrientSourceId": 9,
                "foodNutrientSourceCode": "12",
                "foodNutrientSourceDescription": "Manufacturer's analytical; partial documentation",
                "rank": 1110,
                "indentLevel": 2,
                "foodNutrientId": 19469681,
                "percentDailyValue": 3
            },
            {
                "nutrientId": 1008,
                "nutrientName": "Energy",
                "nutrientNumber": "208",
                "unitName": "KCAL",
                "derivationCode": "LCCS",
                "derivationDescription": "Calculated from value per serving size measure",
                "derivationId": 70,
                "value": 594,
                "foodNutrientSourceId": 9,
                "foodNutrientSourceCode": "12",
                "foodNutrientSourceDescription": "Manufacturer's analytical; partial documentation",
                "rank": 300,
                "indentLevel": 1,
                "foodNutrientId": 19469682
            },
            {
                "nutrientId": 2000,
                "nutrientName": "Sugars, total including NLEA",
                "nutrientNumber": "269",
                "unitName": "G",
                "derivationCode": "LCCS",
                "derivationDescription": "Calculated from value per serving size measure",
                "derivationId": 70,
                "value": 9.38,
                "foodNutrientSourceId": 9,
                "foodNutrientSourceCode": "12",
                "foodNutrientSourceDescription": "Manufacturer's analytical; partial documentation",
                "rank": 1510,
                "indentLevel": 3,
                "foodNutrientId": 19469683
            },
            {   
                "nutrientId": 1079,
                "nutrientName": "Fiber, total dietary",
                "nutrientNumber": "291",
                "unitName": "G",
                "derivationCode": "LCCS",
                "derivationDescription": "Calculated from value per serving size measure",
                "derivationId": 70,
                "value": 6.2,
                "foodNutrientSourceId": 9,
                "foodNutrientSourceCode": "12",
                "foodNutrientSourceDescription": "Manufacturer's analytical; partial documentation",
                "rank": 1200,
                "indentLevel": 3,
                "foodNutrientId": 19469684,
                "percentDailyValue": 9
            },
            {
                "nutrientId": 1087,
                "nutrientName": "Calcium, Ca",
                "nutrientNumber": "301",
                "unitName": "MG",
                "derivationCode": "LCCD",
                "derivationDescription": "Calculated from a daily value percentage per serving size measure",
                "derivationId": 75,
                "value": 62.0,
                "foodNutrientSourceId": 9,
                "foodNutrientSourceCode": "12",
                "foodNutrientSourceDescription": "Manufacturer's analytical; partial documentation",
                "rank": 5300,
                "indentLevel": 1,
                "foodNutrientId": 19469685,
                "percentDailyValue": 2
            },
            {
                "nutrientId": 1089,
                "nutrientName": "Iron, Fe",
                "nutrientNumber": "303",
                "unitName": "MG",
                "derivationCode": "LCCD",
                "derivationDescription": "Calculated from a daily value percentage per serving size measure",
                "derivationId": 75,
                "value": 2.25,
                "foodNutrientSourceId": 9,
                "foodNutrientSourceCode": "12",
                "foodNutrientSourceDescription": "Manufacturer's analytical; partial documentation",
                "rank": 5400,
                "indentLevel": 1,
                "foodNutrientId": 19469686,
                "percentDailyValue": 4
            },
            {
                "nutrientId": 1093,
                "nutrientName": "Sodium, Na",
                "nutrientNumber": "307",
                "unitName": "MG",
                "derivationCode": "LCCS",
                "derivationDescription": "Calculated from value per serving size measure",
                "derivationId": 70,
                "value": 422,
                "foodNutrientSourceId": 9,
                "foodNutrientSourceCode": "12",
                "foodNutrientSourceDescription": "Manufacturer's analytical; partial documentation",
                "rank": 5800,
                "indentLevel": 1,
                "foodNutrientId": 19469687,
                "percentDailyValue": 6
            },
            {
                "nutrientId": 1104,
                "nutrientName": "Vitamin A, IU",
                "nutrientNumber": "318",
                "unitName": "IU",
                "derivationCode": "LCCD",
                "derivationDescription": "Calculated from a daily value percentage per serving size measure",
                "derivationId": 75,
                "value": 0.0,
                "foodNutrientSourceId": 9,
                "foodNutrientSourceCode": "12",
                "foodNutrientSourceDescription": "Manufacturer's analytical; partial documentation",
                "rank": 7500,
                "indentLevel": 1,
                "foodNutrientId": 19469688,
                "percentDailyValue": 0
            },
            {
                "nutrientId": 1162,
                "nutrientName": "Vitamin C, total ascorbic acid",
                "nutrientNumber": "401",
                "unitName": "MG",
                "derivationCode": "LCCD",
                "derivationDescription": "Calculated from a daily value percentage per serving size measure",
                "derivationId": 75,
                "value": 0.0,
                "foodNutrientSourceId": 9,
                "foodNutrientSourceCode": "12",
                "foodNutrientSourceDescription": "Manufacturer's analytical; partial documentation",
                "rank": 6300,
                "indentLevel": 1,
                "foodNutrientId": 19469689, 
                "percentDailyValue": 0
            },
            {
                "nutrientId": 1166,
                "nutrientName": "Riboflavin", 
                "nutrientNumber": "405", 
                "unitName": "MG", 
                "derivationCode": "LCCD", 
                "derivationDescription": "Calculated from a daily value percentage per serving size measure", 
                "derivationId": 75, 
                "value": 0.106, 
                "foodNutrientSourceId": 9, 
                "foodNutrientSourceCode": "12", 
                "foodNutrientSourceDescription": "Manufacturer's analytical; partial documentation", 
                "rank": 6500, 
                "indentLevel": 1, 
                "foodNutrientId": 19469690, 
                "percentDailyValue": 2
            },
            {
                "nutrientId": 1167, 
                "nutrientName": "Niacin", 
                "nutrientNumber": "406", 
                "unitName": "MG", 
                "derivationCode": "LCCD", 
                "derivationDescription": "Calculated from a daily value percentage per serving size measure", 
                "derivationId": 75, 
                "value": 12.5, 
                "foodNutrientSourceId": 9, 
                "foodNutrientSourceCode": "12", 
                "foodNutrientSourceDescription": "Manufacturer's analytical; partial documentation", 
                "rank": 6600, 
                "indentLevel": 1, 
                "foodNutrientId": 19469691, 
                "percentDailyValue": 20
            }, 
            {
                "nutrientId": 1253, 
                "nutrientName": "Cholesterol", 
                "nutrientNumber": "601", 
                "unitName": "MG", 
                "derivationCode": "LCCD", 
                "derivationDescription": "Calculated from a daily value percentage per serving size measure", 
                "derivationId": 75, 
                "value": 0.0, 
                "foodNutrientSourceId": 9, 
                "foodNutrientSourceCode": "12", 
                "foodNutrientSourceDescription": "Manufacturer's analytical; partial documentation", 
                "rank": 15700, 
                "indentLevel": 1, 
                "foodNutrientId": 19469692, 
                "percentDailyValue": 0
            }, 
            {
                "nutrientId": 1257, 
                "nutrientName": "Fatty acids, total trans", 
                "nutrientNumber": "605", 
                "unitName": "G", 
                "derivationCode": "LCCS", 
                "derivationDescription": "Calculated from value per serving size measure", 
                "derivationId": 70, 
                "value": 0.0, 
                "foodNutrientSourceId": 9, 
                "foodNutrientSourceCode": "12", 
                "foodNutrientSourceDescription": "Manufacturer's analytical; partial documentation", 
                "rank": 15400, 
                "indentLevel": 1, 
                "foodNutrientId": 19469693
            }, 
            {
                "nutrientId": 1258,
                "nutrientName": "Fatty acids, total saturated", 
                "nutrientNumber": "606", 
                "unitName": "G", 
                "derivationCode": "LCCS", 
                "derivationDescription": "Calculated from value per serving size measure", 
                "derivationId": 70, 
                "value": 7.81, 
                "foodNutrientSourceId": 9, 
                "foodNutrientSourceCode": "12", 
                "foodNutrientSourceDescription": "Manufacturer's analytical; partial documentation", 
                "rank": 9700, 
                "indentLevel": 1, 
                "foodNutrientId": 19469694, 
                "percentDailyValue": 13
            }
            ], 
            "finalFoodInputFoods": [], 
            "foodMeasures": [], 
            "foodAttributes": [], 
            "foodAttributeTypes":
            [
                {
                    "name": "Update Log", 
                    "description": "Changes that were made to this food", 
                    "id": 998, 
                    "foodAttributes": 
                    [
                        {
                        "value": "10", 
                        "name": "Added Brand/Sub Brand Information", 
                        "id": 1661876
                        }
                    ]
                }
            ], 
            "foodVersionIds": []
        }
    ], 
    "aggregations": 
        {
            "dataType": 
                {
                "Branded": 1
                }, 
                "nutrients": {

                }
        }
}